berat_buah,jarak,harga_bensin,cuaca,libur,persentase_cuaca,persentase_libur
7.0,9.0,14500.0,1,1,2.6999999999999944,2.6999999999999944
7.0,7.0,14500.0,1,1,2.099999999999996,2.099999999999996
7.0,8.0,14500.0,1,1,2.4000000000000044,2.4000000000000044
